<Anims>
 <anim name="idle" root="yurikwaterballoon" numframes="125" framerate="40">
  <frame idx="0" w="230" h="173" x="-12.174927" y="-25.173096">
   <element name="waterballoon01" layername="waterballoo" frame="0" z_index="10" m_a="1.000000" m_b="0.000000" m_c="0.000000" m_d="1.000000" m_tx="0.000000" m_ty="0.000000"/>
  </frame>
  <frame idx="25" w="230" h="173" x="-12.174927" y="-25.173096">
   <element name="waterballoon01" layername="waterballoo" frame="0" z_index="10" m_a="1.000000" m_b="0.000000" m_c="0.000000" m_d="1.000000" m_tx="0.000000" m_ty="0.000000"/>
  </frame>
  <frame idx="50" w="230" h="173" x="-12.174927" y="-25.173096">
   <element name="waterballoon01" layername="waterballoo" frame="0" z_index="10" m_a="1.000000" m_b="0.000000" m_c="0.000000" m_d="1.000000" m_tx="0.000000" m_ty="0.000000"/>
  </frame>
  <frame idx="75" w="230" h="173" x="-12.174927" y="-25.173096">
   <element name="waterballoon01" layername="waterballoo" frame="0" z_index="10" m_a="1.000000" m_b="0.000000" m_c="0.000000" m_d="1.000000" m_tx="0.000000" m_ty="0.000000"/>
  </frame>
  <frame idx="100" w="230" h="173" x="-12.174927" y="-25.173096">
   <element name="waterballoon01" layername="waterballoo" frame="0" z_index="10" m_a="1.000000" m_b="0.000000" m_c="0.000000" m_d="1.000000" m_tx="0.000000" m_ty="0.000000"/>
  </frame>
 </anim>
 <anim name="spin_loop" root="yurikwaterballoon" numframes="300" framerate="40">
  <frame idx="0" w="136" h="156" x="2.070187" y="2.157768">
   <element name="waterballoon01" layername="waterballoo" frame="1" z_index="10" m_a="1.000000" m_b="0.000069" m_c="-0.000069" m_d="1.000000" m_tx="-5.299850" m_ty="15.450000"/>
  </frame>
  <frame idx="25" w="240" h="180" x="-39.197083" y="23.402763">
   <element name="waterballoon01" layername="waterballoo" frame="1" z_index="10" m_a="0.875029" m_b="0.484059" m_c="-0.484059" m_d="0.875029" m_tx="-4.151144" m_ty="15.381104"/>
  </frame>
  <frame idx="50" w="302" h="178" x="-86.356583" y="21.179199">
   <element name="waterballoon01" layername="waterballoo" frame="1" z_index="10" m_a="0.523016" m_b="0.852309" m_c="-0.852309" m_d="0.523016" m_tx="-2.979957" m_ty="15.310822"/>
  </frame>
  <frame idx="75" w="302" h="149" x="-126.530029" y="-4.959717">
   <element name="waterballoon01" layername="waterballoo" frame="1" z_index="10" m_a="0.029732" m_b="0.999540" m_c="-0.999540" m_d="0.029732" m_tx="-1.796172" m_ty="15.239760"/>
  </frame>
  <frame idx="100" w="368" h="249" x="-148.254929" y="-48.213165">
   <element name="waterballoon01" layername="waterballoo" frame="1" z_index="10" m_a="-0.471385" m_b="0.881900" m_c="-0.881900" m_d="-0.471385" m_tx="-0.612493" m_ty="15.168700"/>
  </frame>
  <frame idx="125" w="362" h="313" x="-145.908752" y="-95.746399">
   <element name="waterballoon01" layername="waterballoo" frame="1" z_index="10" m_a="-0.839392" m_b="0.543471" m_c="-0.543471" m_d="-0.839392" m_tx="0.536452" m_ty="15.099803"/>
  </frame>
  <frame idx="150" w="280" h="317" x="-120.054306" y="-137.423309">
   <element name="waterballoon01" layername="waterballoo" frame="1" z_index="10" m_a="-0.998196" m_b="0.059436" m_c="-0.059436" m_d="-0.998196" m_tx="1.707637" m_ty="15.029521"/>
  </frame>
  <frame idx="175" w="278" h="381" x="-76.389626" y="-161.676178">
   <element name="waterballoon01" layername="waterballoo" frame="1" z_index="10" m_a="-0.895511" m_b="-0.444944" m_c="0.444944" m_d="-0.895511" m_tx="2.891316" m_ty="14.958485"/>
  </frame>
  <frame idx="200" w="237" h="380" x="-26.325905" y="-161.595245">
   <element name="waterballoon01" layername="waterballoo" frame="1" z_index="10" m_a="-0.555558" m_b="-0.831420" m_c="0.831420" m_d="-0.555558" m_tx="4.074960" m_ty="14.887500"/>
  </frame>
  <frame idx="225" w="151" h="303" x="16.116741" y="-138.236160">
   <element name="waterballoon01" layername="waterballoo" frame="1" z_index="10" m_a="-0.083644" m_b="-0.996442" m_c="0.996442" m_d="-0.083644" m_tx="5.223879" m_ty="14.818529"/>
  </frame>
  <frame idx="250" w="154" h="299" x="42.346863" y="-96.925560">
   <element name="waterballoon01" layername="waterballoo" frame="1" z_index="10" m_a="0.418095" m_b="-0.908335" m_c="0.908335" m_d="0.418095" m_tx="6.395003" m_ty="14.748173"/>
  </frame>
  <frame idx="275" w="158" h="280" x="46.820572" y="-63.732422">
   <element name="waterballoon01" layername="waterballoo" frame="1" z_index="10" m_a="0.707064" m_b="-0.707052" m_c="0.707052" m_d="0.707064" m_tx="7.199860" m_ty="14.699800"/>
  </frame>
 </anim>
 <anim name="used" root="yurikwaterballoon" numframes="350" framerate="40">
  <frame idx="0" w="255" h="277" x="-30.066650" y="-21.187225">
   <element name="splash_fx" layername="splash_fx" frame="0" z_index="4" m_a="1.231550" m_b="0.000000" m_c="0.000000" m_d="1.031200" m_tx="-183.550003" m_ty="-115.599998"/>
   <element name="Symbol 6" layername="Symbol 6" frame="0" z_index="5" m_a="0.566868" m_b="0.000000" m_c="0.000000" m_d="0.566868" m_tx="-63.789299" m_ty="-30.135401"/>
   <element name="Symbol 5" layername="Symbol 5" frame="0" z_index="6" m_a="0.566868" m_b="0.000000" m_c="0.000000" m_d="0.566868" m_tx="-60.586498" m_ty="46.193298"/>
   <element name="Symbol 4" layername="Symbol 4" frame="0" z_index="7" m_a="0.566868" m_b="0.000000" m_c="0.000000" m_d="0.566868" m_tx="-1.688910" m_ty="88.169899"/>
   <element name="Symbol 3" layername="Symbol 3" frame="0" z_index="8" m_a="0.566868" m_b="0.000000" m_c="0.000000" m_d="0.566868" m_tx="58.002300" m_ty="49.792900"/>
   <element name="Symbol 2" layername="Symbol 2" frame="0" z_index="9" m_a="0.566868" m_b="0.000000" m_c="0.000000" m_d="0.566868" m_tx="63.642601" m_ty="-22.879499"/>
   <element name="Symbol 1" layername="Symbol" frame="0" z_index="10" m_a="0.566868" m_b="0.000000" m_c="0.000000" m_d="0.566868" m_tx="4.093140" m_ty="-81.351898"/>
  </frame>
  <frame idx="25" w="285" h="305" x="-3.400833" y="-17.025650">
   <element name="splash_fx" layername="splash_fx" frame="0" z_index="4" m_a="1.231550" m_b="0.000000" m_c="0.000000" m_d="1.031200" m_tx="-126.714668" m_ty="-85.423691"/>
   <element name="Symbol 6" layername="Symbol 6" frame="0" z_index="5" m_a="0.673102" m_b="0.000000" m_c="0.000000" m_d="0.673102" m_tx="-68.657692" m_ty="-28.535793"/>
   <element name="Symbol 5" layername="Symbol 5" frame="0" z_index="6" m_a="0.673102" m_b="0.000000" m_c="0.000000" m_d="0.673102" m_tx="-61.422516" m_ty="46.382687"/>
   <element name="Symbol 4" layername="Symbol 4" frame="0" z_index="7" m_a="0.673102" m_b="0.000000" m_c="0.000000" m_d="0.673102" m_tx="-0.764006" m_ty="98.868866"/>
   <element name="Symbol 3" layername="Symbol 3" frame="0" z_index="8" m_a="0.673102" m_b="0.000000" m_c="0.000000" m_d="0.673102" m_tx="64.060524" m_ty="53.424679"/>
   <element name="Symbol 2" layername="Symbol 2" frame="0" z_index="9" m_a="0.673102" m_b="0.000000" m_c="0.000000" m_d="0.673102" m_tx="72.832420" m_ty="-24.890614"/>
   <element name="Symbol 1" layername="Symbol" frame="0" z_index="10" m_a="0.673102" m_b="0.000000" m_c="0.000000" m_d="0.673102" m_tx="4.005920" m_ty="-92.120186"/>
  </frame>
  <frame idx="50" w="396" h="351" x="82.128830" y="6.412201">
   <element name="splash_fx" layername="splash_fx" frame="1" z_index="4" m_a="1.231550" m_b="0.000000" m_c="0.000000" m_d="1.031200" m_tx="-24.332153" m_ty="-37.803467"/>
   <element name="Symbol 6" layername="Symbol 6" frame="1" z_index="5" m_a="0.773287" m_b="0.000000" m_c="0.000000" m_d="0.773287" m_tx="-72.242058" m_ty="-27.293819"/>
   <element name="Symbol 5" layername="Symbol 5" frame="1" z_index="6" m_a="0.773287" m_b="0.000000" m_c="0.000000" m_d="0.773287" m_tx="-60.770363" m_ty="42.556301"/>
   <element name="Symbol 4" layername="Symbol 4" frame="1" z_index="7" m_a="0.773287" m_b="0.000000" m_c="0.000000" m_d="0.773287" m_tx="7.473560" m_ty="104.849197"/>
   <element name="Symbol 3" layername="Symbol 3" frame="1" z_index="8" m_a="0.773287" m_b="0.000000" m_c="0.000000" m_d="0.773287" m_tx="64.059753" m_ty="54.601425"/>
   <element name="Symbol 2" layername="Symbol 2" frame="1" z_index="9" m_a="0.773287" m_b="0.000000" m_c="0.000000" m_d="0.773287" m_tx="70.215607" m_ty="-30.739189"/>
   <element name="Symbol 1" layername="Symbol" frame="1" z_index="10" m_a="0.773287" m_b="0.000000" m_c="0.000000" m_d="0.773287" m_tx="3.650006" m_ty="-96.917450"/>
  </frame>
  <frame idx="75" w="473" h="418" x="155.294373" y="60.664658">
   <element name="splash_fx" layername="splash_fx" frame="2" z_index="4" m_a="1.231550" m_b="0.000000" m_c="0.000000" m_d="1.031200" m_tx="69.064484" m_ty="21.443794"/>
   <element name="Symbol 6" layername="Symbol 6" frame="2" z_index="5" m_a="0.872734" m_b="0.000000" m_c="0.000000" m_d="0.872734" m_tx="-73.521896" m_ty="-25.758999"/>
   <element name="Symbol 5" layername="Symbol 5" frame="2" z_index="6" m_a="0.872734" m_b="0.000000" m_c="0.000000" m_d="0.872734" m_tx="-58.496742" m_ty="41.524185"/>
   <element name="Symbol 4" layername="Symbol 4" frame="2" z_index="7" m_a="0.872734" m_b="0.000000" m_c="0.000000" m_d="0.872734" m_tx="11.842523" m_ty="109.847656"/>
   <element name="Symbol 3" layername="Symbol 3" frame="2" z_index="8" m_a="0.872734" m_b="0.000000" m_c="0.000000" m_d="0.872734" m_tx="67.780212" m_ty="57.595192"/>
   <element name="Symbol 2" layername="Symbol 2" frame="2" z_index="9" m_a="0.872734" m_b="0.000000" m_c="0.000000" m_d="0.872734" m_tx="72.288177" m_ty="-15.331833"/>
   <element name="Symbol 1" layername="Symbol" frame="2" z_index="10" m_a="0.872734" m_b="0.000000" m_c="0.000000" m_d="0.872734" m_tx="7.002066" m_ty="-100.139275"/>
  </frame>
  <frame idx="100" w="543" h="482" x="218.292755" y="105.679474">
   <element name="splash_fx" layername="splash_fx" frame="3" z_index="4" m_a="1.231550" m_b="0.000000" m_c="0.000000" m_d="1.031200" m_tx="148.400162" m_ty="85.115044"/>
   <element name="Symbol 6" layername="Symbol 6" frame="3" z_index="5" m_a="0.977842" m_b="0.000000" m_c="0.000000" m_d="0.977842" m_tx="-76.262863" m_ty="-24.684069"/>
   <element name="Symbol 5" layername="Symbol 5" frame="3" z_index="6" m_a="0.977842" m_b="0.000000" m_c="0.000000" m_d="0.977842" m_tx="-58.198853" m_ty="42.006950"/>
   <element name="Symbol 4" layername="Symbol 4" frame="3" z_index="7" m_a="0.977842" m_b="0.000000" m_c="0.000000" m_d="0.977842" m_tx="4.528322" m_ty="118.354622"/>
   <element name="Symbol 3" layername="Symbol 3" frame="3" z_index="8" m_a="0.977842" m_b="0.000000" m_c="0.000000" m_d="0.977842" m_tx="73.270462" m_ty="61.471687"/>
   <element name="Symbol 2" layername="Symbol 2" frame="3" z_index="9" m_a="0.977842" m_b="0.000000" m_c="0.000000" m_d="0.977842" m_tx="78.218903" m_ty="-8.194622"/>
   <element name="Symbol 1" layername="Symbol" frame="3" z_index="10" m_a="0.977842" m_b="0.000000" m_c="0.000000" m_d="0.977842" m_tx="16.784239" m_ty="-106.746353"/>
  </frame>
  <frame idx="125" w="547" h="477" x="218.855698" y="102.729553">
   <element name="splash_fx" layername="splash_fx" frame="3" z_index="4" m_a="1.231550" m_b="0.000000" m_c="0.000000" m_d="1.031200" m_tx="151.278519" m_ty="78.031075"/>
   <element name="Symbol 6" layername="Symbol 6" frame="3" z_index="5" m_a="0.939361" m_b="0.000000" m_c="0.000000" m_d="0.939361" m_tx="-76.176559" m_ty="-26.164530"/>
   <element name="Symbol 5" layername="Symbol 5" frame="3" z_index="6" m_a="0.939361" m_b="0.000000" m_c="0.000000" m_d="0.939361" m_tx="-59.951363" m_ty="43.745193"/>
   <element name="Symbol 4" layername="Symbol 4" frame="3" z_index="7" m_a="0.839615" m_b="0.000000" m_c="0.000000" m_d="0.839615" m_tx="2.002082" m_ty="151.021194"/>
   <element name="Symbol 3" layername="Symbol 3" frame="3" z_index="8" m_a="0.939361" m_b="0.000000" m_c="0.000000" m_d="0.939361" m_tx="72.919014" m_ty="61.251617"/>
   <element name="Symbol 2" layername="Symbol 2" frame="3" z_index="9" m_a="0.839615" m_b="0.000000" m_c="0.000000" m_d="0.839615" m_tx="104.490204" m_ty="-25.576180"/>
   <element name="Symbol 1" layername="Symbol" frame="3" z_index="10" m_a="0.939361" m_b="0.000000" m_c="0.000000" m_d="0.939361" m_tx="15.371410" m_ty="-105.562286"/>
  </frame>
  <frame idx="150" w="569" h="601" x="236.220276" y="76.849472">
   <element name="splash_fx" layername="splash_fx" frame="4" z_index="7" m_a="1.231550" m_b="0.000000" m_c="0.000000" m_d="1.031200" m_tx="169.794724" m_ty="77.173271"/>
   <element name="Symbol 6" layername="Symbol 6" frame="3" z_index="5" m_a="0.900881" m_b="0.000000" m_c="0.000000" m_d="0.900881" m_tx="-75.866783" m_ty="-27.444567"/>
   <element name="Symbol 5" layername="Symbol 5" frame="3" z_index="6" m_a="0.900881" m_b="0.000000" m_c="0.000000" m_d="0.900881" m_tx="-61.387974" m_ty="45.205284"/>
   <element name="Symbol 4" layername="Symbol 4" frame="3" z_index="8" m_a="0.774541" m_b="0.000000" m_c="0.000000" m_d="0.774541" m_tx="0.843338" m_ty="158.151230"/>
   <element name="Symbol 3" layername="Symbol 3" frame="3" z_index="8" m_a="0.900881" m_b="0.000000" m_c="0.000000" m_d="0.900881" m_tx="72.344803" m_ty="60.851078"/>
   <element name="Symbol 2" layername="Symbol 2" frame="3" z_index="9" m_a="0.774541" m_b="0.000000" m_c="0.000000" m_d="0.774541" m_tx="111.003815" m_ty="-31.673506"/>
   <element name="Symbol 1" layername="Symbol" frame="3" z_index="10" m_a="0.900881" m_b="0.000000" m_c="0.000000" m_d="0.900881" m_tx="14.004969" m_ty="-104.131584"/>
   <element name="Symbol 2" layername="Symbol 2" frame="3" z_index="10" m_a="0.540559" m_b="-0.575796" m_c="0.575796" m_d="0.540559" m_tx="38.006199" m_ty="-162.919006"/>
  </frame>
  <frame idx="175" w="577" h="608" x="241.123718" y="82.488113">
   <element name="splash_fx" layername="splash_fx" frame="5" z_index="10" m_a="1.231550" m_b="0.000000" m_c="0.000000" m_d="1.031200" m_tx="175.682968" m_ty="74.138496"/>
   <element name="Symbol 6" layername="Symbol 6" frame="3" z_index="5" m_a="0.862400" m_b="0.000000" m_c="0.000000" m_d="0.862400" m_tx="-75.333527" m_ty="-28.524185"/>
   <element name="Symbol 5" layername="Symbol 5" frame="3" z_index="6" m_a="0.862400" m_b="0.000000" m_c="0.000000" m_d="0.862400" m_tx="-62.508686" m_ty="46.387222"/>
   <element name="Symbol 4" layername="Symbol 4" frame="3" z_index="8" m_a="0.750615" m_b="0.000000" m_c="0.000000" m_d="0.750615" m_tx="0.471018" m_ty="150.771240"/>
   <element name="Symbol 3" layername="Symbol 3" frame="3" z_index="8" m_a="0.862400" m_b="0.000000" m_c="0.000000" m_d="0.862400" m_tx="71.547836" m_ty="60.270069"/>
   <element name="Symbol 2" layername="Symbol 2" frame="3" z_index="9" m_a="0.750615" m_b="0.000000" m_c="0.000000" m_d="0.750615" m_tx="106.253052" m_ty="-31.289185"/>
   <element name="Symbol 1" layername="Symbol" frame="3" z_index="10" m_a="0.862400" m_b="0.000000" m_c="0.000000" m_d="0.862400" m_tx="12.684918" m_ty="-102.454262"/>
   <element name="Symbol 2" layername="Symbol 2" frame="3" z_index="10" m_a="0.540559" m_b="-0.575796" m_c="0.575796" m_d="0.540559" m_tx="38.006199" m_ty="-162.919006"/>
  </frame>
  <frame idx="200" w="581" h="607" x="242.727783" y="81.795364">
   <element name="splash_fx" layername="splash_fx" frame="6" z_index="10" m_a="1.231550" m_b="0.000000" m_c="0.000000" m_d="1.031200" m_tx="176.382858" m_ty="67.046349"/>
   <element name="Symbol 6" layername="Symbol 6" frame="3" z_index="5" m_a="0.823919" m_b="0.000000" m_c="0.000000" m_d="0.823919" m_tx="-74.576797" m_ty="-29.403381"/>
   <element name="Symbol 5" layername="Symbol 5" frame="3" z_index="6" m_a="0.823919" m_b="0.000000" m_c="0.000000" m_d="0.823919" m_tx="-63.313503" m_ty="47.291000"/>
   <element name="Symbol 4" layername="Symbol 4" frame="3" z_index="8" m_a="0.726690" m_b="0.000000" m_c="0.000000" m_d="0.726690" m_tx="0.119684" m_ty="143.213547"/>
   <element name="Symbol 3" layername="Symbol 3" frame="3" z_index="8" m_a="0.823919" m_b="0.000000" m_c="0.000000" m_d="0.823919" m_tx="70.528114" m_ty="59.508606"/>
   <element name="Symbol 2" layername="Symbol 2" frame="3" z_index="9" m_a="0.726690" m_b="0.000000" m_c="0.000000" m_d="0.726690" m_tx="101.318535" m_ty="-30.741108"/>
   <element name="Symbol 1" layername="Symbol" frame="3" z_index="10" m_a="0.823919" m_b="0.000000" m_c="0.000000" m_d="0.823919" m_tx="11.411257" m_ty="-100.530296"/>
   <element name="Symbol 2" layername="Symbol 2" frame="3" z_index="10" m_a="0.540559" m_b="-0.575796" m_c="0.575796" m_d="0.540559" m_tx="38.006199" m_ty="-162.919006"/>
  </frame>
  <frame idx="225" w="582" h="601" x="243.700836" y="77.089340">
   <element name="splash_fx" layername="splash_fx" frame="6" z_index="10" m_a="1.231550" m_b="0.000000" m_c="0.000000" m_d="1.031200" m_tx="178.817947" m_ty="57.634315"/>
   <element name="Symbol 6" layername="Symbol 6" frame="3" z_index="5" m_a="0.785438" m_b="0.000000" m_c="0.000000" m_d="0.785438" m_tx="-73.596581" m_ty="-30.082161"/>
   <element name="Symbol 5" layername="Symbol 5" frame="3" z_index="6" m_a="0.785438" m_b="0.000000" m_c="0.000000" m_d="0.785438" m_tx="-63.802429" m_ty="47.916641"/>
   <element name="Symbol 4" layername="Symbol 4" frame="3" z_index="8" m_a="0.702764" m_b="0.000000" m_c="0.000000" m_d="0.702764" m_tx="-0.210665" m_ty="135.478149"/>
   <element name="Symbol 3" layername="Symbol 3" frame="3" z_index="8" m_a="0.785438" m_b="0.000000" m_c="0.000000" m_d="0.785438" m_tx="69.285629" m_ty="58.566681"/>
   <element name="Symbol 2" layername="Symbol 2" frame="3" z_index="9" m_a="0.702764" m_b="0.000000" m_c="0.000000" m_d="0.702764" m_tx="96.200272" m_ty="-30.029280"/>
   <element name="Symbol 1" layername="Symbol" frame="3" z_index="10" m_a="0.785438" m_b="0.000000" m_c="0.000000" m_d="0.785438" m_tx="10.183985" m_ty="-98.359711"/>
   <element name="Symbol 2" layername="Symbol 2" frame="3" z_index="10" m_a="0.540559" m_b="-0.575796" m_c="0.575796" m_d="0.540559" m_tx="38.006199" m_ty="-162.919006"/>
  </frame>
  <frame idx="250" w="585" h="591" x="244.415436" y="67.777725">
   <element name="splash_fx" layername="splash_fx" frame="7" z_index="10" m_a="1.231550" m_b="0.000000" m_c="0.000000" m_d="1.031200" m_tx="180.931900" m_ty="37.873283"/>
   <element name="Symbol 6" layername="Symbol 6" frame="3" z_index="5" m_a="0.746958" m_b="0.000000" m_c="0.000000" m_d="0.746958" m_tx="-72.392883" m_ty="-30.560516"/>
   <element name="Symbol 5" layername="Symbol 5" frame="3" z_index="6" m_a="0.746958" m_b="0.000000" m_c="0.000000" m_d="0.746958" m_tx="-63.975445" m_ty="48.264114"/>
   <element name="Symbol 4" layername="Symbol 4" frame="3" z_index="8" m_a="0.678839" m_b="0.000000" m_c="0.000000" m_d="0.678839" m_tx="-0.520027" m_ty="127.565048"/>
   <element name="Symbol 3" layername="Symbol 3" frame="3" z_index="8" m_a="0.746958" m_b="0.000000" m_c="0.000000" m_d="0.746958" m_tx="67.820389" m_ty="57.444283"/>
   <element name="Symbol 2" layername="Symbol 2" frame="3" z_index="9" m_a="0.678839" m_b="0.000000" m_c="0.000000" m_d="0.678839" m_tx="90.898262" m_ty="-29.153696"/>
   <element name="Symbol 1" layername="Symbol" frame="3" z_index="10" m_a="0.746958" m_b="0.000000" m_c="0.000000" m_d="0.746958" m_tx="9.003102" m_ty="-95.942490"/>
   <element name="Symbol 2" layername="Symbol 2" frame="3" z_index="10" m_a="0.540559" m_b="-0.575796" m_c="0.575796" m_d="0.540559" m_tx="38.006199" m_ty="-162.919006"/>
  </frame>
  <frame idx="275" w="557" h="593" x="220.024811" y="69.778824">
   <element name="splash_fx" layername="splash_fx" frame="8" z_index="10" m_a="1.231550" m_b="0.000000" m_c="0.000000" m_d="1.031200" m_tx="158.396957" m_ty="24.649803"/>
   <element name="Symbol 6" layername="Symbol 6" frame="3" z_index="5" m_a="0.708477" m_b="0.000000" m_c="0.000000" m_d="0.708477" m_tx="-70.965714" m_ty="-30.838453"/>
   <element name="Symbol 5" layername="Symbol 5" frame="3" z_index="6" m_a="0.708477" m_b="0.000000" m_c="0.000000" m_d="0.708477" m_tx="-63.832565" m_ty="48.333435"/>
   <element name="Symbol 4" layername="Symbol 4" frame="3" z_index="8" m_a="0.654914" m_b="0.000000" m_c="0.000000" m_d="0.654914" m_tx="-0.808402" m_ty="119.474258"/>
   <element name="Symbol 3" layername="Symbol 3" frame="3" z_index="8" m_a="0.708477" m_b="0.000000" m_c="0.000000" m_d="0.708477" m_tx="66.132378" m_ty="56.141426"/>
   <element name="Symbol 2" layername="Symbol 2" frame="3" z_index="9" m_a="0.654914" m_b="0.000000" m_c="0.000000" m_d="0.654914" m_tx="85.412498" m_ty="-28.114361"/>
   <element name="Symbol 1" layername="Symbol" frame="3" z_index="10" m_a="0.708477" m_b="0.000000" m_c="0.000000" m_d="0.708477" m_tx="7.868608" m_ty="-93.278633"/>
   <element name="Symbol 2" layername="Symbol 2" frame="3" z_index="10" m_a="0.540559" m_b="-0.575796" m_c="0.575796" m_d="0.540559" m_tx="38.006199" m_ty="-162.919006"/>
  </frame>
  <frame idx="300" w="556" h="593" x="220.254242" y="69.778824">
   <element name="splash_fx" layername="splash_fx" frame="8" z_index="10" m_a="1.231550" m_b="0.000000" m_c="0.000000" m_d="1.031200" m_tx="158.396957" m_ty="24.649803"/>
   <element name="Symbol 6" layername="Symbol 6" frame="3" z_index="5" m_a="0.669996" m_b="0.000000" m_c="0.000000" m_d="0.669996" m_tx="-69.315063" m_ty="-30.915972"/>
   <element name="Symbol 5" layername="Symbol 5" frame="3" z_index="6" m_a="0.669996" m_b="0.000000" m_c="0.000000" m_d="0.669996" m_tx="-63.373783" m_ty="48.124599"/>
   <element name="Symbol 4" layername="Symbol 4" frame="3" z_index="8" m_a="0.630988" m_b="0.000000" m_c="0.000000" m_d="0.630988" m_tx="-1.075792" m_ty="111.205765"/>
   <element name="Symbol 3" layername="Symbol 3" frame="3" z_index="8" m_a="0.669996" m_b="0.000000" m_c="0.000000" m_d="0.669996" m_tx="64.221619" m_ty="54.658104"/>
   <element name="Symbol 2" layername="Symbol 2" frame="3" z_index="9" m_a="0.630988" m_b="0.000000" m_c="0.000000" m_d="0.630988" m_tx="79.742989" m_ty="-26.911276"/>
   <element name="Symbol 1" layername="Symbol" frame="3" z_index="10" m_a="0.669996" m_b="0.000000" m_c="0.000000" m_d="0.669996" m_tx="6.780504" m_ty="-90.368156"/>
   <element name="Symbol 2" layername="Symbol 2" frame="3" z_index="10" m_a="0.540559" m_b="-0.575796" m_c="0.575796" m_d="0.540559" m_tx="38.006199" m_ty="-162.919006"/>
  </frame>
  <frame idx="325" w="555" h="593" x="220.641571" y="69.778824">
   <element name="splash_fx" layername="splash_fx" frame="8" z_index="10" m_a="1.231550" m_b="0.000000" m_c="0.000000" m_d="1.031200" m_tx="158.396957" m_ty="24.649803"/>
   <element name="Symbol 6" layername="Symbol 6" frame="3" z_index="5" m_a="0.631516" m_b="0.000000" m_c="0.000000" m_d="0.631516" m_tx="-67.440933" m_ty="-30.793066"/>
   <element name="Symbol 5" layername="Symbol 5" frame="3" z_index="6" m_a="0.631516" m_b="0.000000" m_c="0.000000" m_d="0.631516" m_tx="-62.599106" m_ty="47.637615"/>
   <element name="Symbol 4" layername="Symbol 4" frame="3" z_index="8" m_a="0.607063" m_b="0.000000" m_c="0.000000" m_d="0.607063" m_tx="-1.322196" m_ty="102.759560"/>
   <element name="Symbol 3" layername="Symbol 3" frame="3" z_index="8" m_a="0.631516" m_b="0.000000" m_c="0.000000" m_d="0.631516" m_tx="62.088093" m_ty="52.994324"/>
   <element name="Symbol 2" layername="Symbol 2" frame="3" z_index="9" m_a="0.607063" m_b="0.000000" m_c="0.000000" m_d="0.607063" m_tx="73.889732" m_ty="-25.544434"/>
   <element name="Symbol 1" layername="Symbol" frame="3" z_index="10" m_a="0.631516" m_b="0.000000" m_c="0.000000" m_d="0.631516" m_tx="5.738790" m_ty="-87.211052"/>
   <element name="Symbol 2" layername="Symbol 2" frame="3" z_index="10" m_a="0.540559" m_b="-0.575796" m_c="0.575796" m_d="0.540559" m_tx="38.006199" m_ty="-162.919006"/>
  </frame>
 </anim>
</Anims>
