<Anims>
 <anim name="idle" root="yurikbattery" numframes="1000" framerate="40">
  <frame idx="0" w="162" h="98" x="38.424339" y="4.386124">
   <element name="yurikbattery" layername="yurikbattery" frame="0" z_index="0" m_a="1.448360" m_b="0.000000" m_c="0.000000" m_d="1.448360" m_tx="-54.270699" m_ty="-41.961399"/>
  </frame>
  <frame idx="25" w="162" h="98" x="38.424339" y="4.386124">
   <element name="yurikbattery" layername="yurikbattery" frame="0" z_index="0" m_a="1.448360" m_b="0.000000" m_c="0.000000" m_d="1.448360" m_tx="-54.270699" m_ty="-41.961399"/>
  </frame>
  <frame idx="50" w="162" h="98" x="38.424339" y="4.386124">
   <element name="yurikbattery" layername="yurikbattery" frame="0" z_index="0" m_a="1.448360" m_b="0.000000" m_c="0.000000" m_d="1.448360" m_tx="-54.270699" m_ty="-41.961399"/>
  </frame>
  <frame idx="75" w="162" h="98" x="38.424339" y="4.386124">
   <element name="yurikbattery" layername="yurikbattery" frame="0" z_index="0" m_a="1.448360" m_b="0.000000" m_c="0.000000" m_d="1.448360" m_tx="-54.270699" m_ty="-41.961399"/>
  </frame>
  <frame idx="100" w="162" h="98" x="38.424339" y="4.386124">
   <element name="yurikbattery" layername="yurikbattery" frame="0" z_index="0" m_a="1.448360" m_b="0.000000" m_c="0.000000" m_d="1.448360" m_tx="-54.270699" m_ty="-41.961399"/>
  </frame>
  <frame idx="125" w="162" h="98" x="38.424339" y="4.386124">
   <element name="yurikbattery" layername="yurikbattery" frame="0" z_index="0" m_a="1.448360" m_b="0.000000" m_c="0.000000" m_d="1.448360" m_tx="-54.270699" m_ty="-41.961399"/>
  </frame>
  <frame idx="150" w="162" h="98" x="38.424339" y="4.386124">
   <element name="yurikbattery" layername="yurikbattery" frame="0" z_index="0" m_a="1.448360" m_b="0.000000" m_c="0.000000" m_d="1.448360" m_tx="-54.270699" m_ty="-41.961399"/>
  </frame>
  <frame idx="175" w="162" h="98" x="38.424339" y="4.386124">
   <element name="yurikbattery" layername="yurikbattery" frame="0" z_index="0" m_a="1.448360" m_b="0.000000" m_c="0.000000" m_d="1.448360" m_tx="-54.270699" m_ty="-41.961399"/>
  </frame>
  <frame idx="200" w="162" h="98" x="38.424339" y="4.386124">
   <element name="yurikbattery" layername="yurikbattery" frame="0" z_index="0" m_a="1.448360" m_b="0.000000" m_c="0.000000" m_d="1.448360" m_tx="-54.270699" m_ty="-41.961399"/>
  </frame>
  <frame idx="225" w="162" h="98" x="38.424339" y="4.386124">
   <element name="yurikbattery" layername="yurikbattery" frame="0" z_index="0" m_a="1.448360" m_b="0.000000" m_c="0.000000" m_d="1.448360" m_tx="-54.270699" m_ty="-41.961399"/>
  </frame>
  <frame idx="250" w="162" h="98" x="38.424339" y="4.386124">
   <element name="yurikbattery" layername="yurikbattery" frame="0" z_index="0" m_a="1.448360" m_b="0.000000" m_c="0.000000" m_d="1.448360" m_tx="-54.270699" m_ty="-41.961399"/>
  </frame>
  <frame idx="275" w="162" h="98" x="38.424339" y="4.386124">
   <element name="yurikbattery" layername="yurikbattery" frame="0" z_index="0" m_a="1.448360" m_b="0.000000" m_c="0.000000" m_d="1.448360" m_tx="-54.270699" m_ty="-41.961399"/>
  </frame>
  <frame idx="300" w="162" h="98" x="38.424339" y="4.386124">
   <element name="yurikbattery" layername="yurikbattery" frame="0" z_index="0" m_a="1.448360" m_b="0.000000" m_c="0.000000" m_d="1.448360" m_tx="-54.270699" m_ty="-41.961399"/>
  </frame>
  <frame idx="325" w="162" h="98" x="38.424339" y="4.386124">
   <element name="yurikbattery" layername="yurikbattery" frame="0" z_index="0" m_a="1.448360" m_b="0.000000" m_c="0.000000" m_d="1.448360" m_tx="-54.270699" m_ty="-41.961399"/>
  </frame>
  <frame idx="350" w="162" h="98" x="38.424339" y="4.386124">
   <element name="yurikbattery" layername="yurikbattery" frame="0" z_index="0" m_a="1.448360" m_b="0.000000" m_c="0.000000" m_d="1.448360" m_tx="-54.270699" m_ty="-41.961399"/>
  </frame>
  <frame idx="375" w="162" h="98" x="38.424339" y="4.386124">
   <element name="yurikbattery" layername="yurikbattery" frame="0" z_index="0" m_a="1.448360" m_b="0.000000" m_c="0.000000" m_d="1.448360" m_tx="-54.270699" m_ty="-41.961399"/>
  </frame>
  <frame idx="400" w="162" h="98" x="38.424339" y="4.386124">
   <element name="yurikbattery" layername="yurikbattery" frame="0" z_index="0" m_a="1.448360" m_b="0.000000" m_c="0.000000" m_d="1.448360" m_tx="-54.270699" m_ty="-41.961399"/>
  </frame>
  <frame idx="425" w="162" h="98" x="38.424339" y="4.386124">
   <element name="yurikbattery" layername="yurikbattery" frame="0" z_index="0" m_a="1.448360" m_b="0.000000" m_c="0.000000" m_d="1.448360" m_tx="-54.270699" m_ty="-41.961399"/>
  </frame>
  <frame idx="450" w="162" h="98" x="38.424339" y="4.386124">
   <element name="yurikbattery" layername="yurikbattery" frame="0" z_index="0" m_a="1.448360" m_b="0.000000" m_c="0.000000" m_d="1.448360" m_tx="-54.270699" m_ty="-41.961399"/>
  </frame>
  <frame idx="475" w="162" h="98" x="38.424339" y="4.386124">
   <element name="yurikbattery" layername="yurikbattery" frame="0" z_index="0" m_a="1.448360" m_b="0.000000" m_c="0.000000" m_d="1.448360" m_tx="-54.270699" m_ty="-41.961399"/>
  </frame>
  <frame idx="500" w="162" h="98" x="38.424339" y="4.386124">
   <element name="yurikbattery" layername="yurikbattery" frame="0" z_index="0" m_a="1.448360" m_b="0.000000" m_c="0.000000" m_d="1.448360" m_tx="-54.270699" m_ty="-41.961399"/>
  </frame>
  <frame idx="525" w="162" h="98" x="38.424339" y="4.386124">
   <element name="yurikbattery" layername="yurikbattery" frame="0" z_index="0" m_a="1.448360" m_b="0.000000" m_c="0.000000" m_d="1.448360" m_tx="-54.270699" m_ty="-41.961399"/>
  </frame>
  <frame idx="550" w="162" h="98" x="38.424339" y="4.386124">
   <element name="yurikbattery" layername="yurikbattery" frame="0" z_index="0" m_a="1.448360" m_b="0.000000" m_c="0.000000" m_d="1.448360" m_tx="-54.270699" m_ty="-41.961399"/>
  </frame>
  <frame idx="575" w="162" h="98" x="38.424339" y="4.386124">
   <element name="yurikbattery" layername="yurikbattery" frame="0" z_index="0" m_a="1.448360" m_b="0.000000" m_c="0.000000" m_d="1.448360" m_tx="-54.270699" m_ty="-41.961399"/>
  </frame>
  <frame idx="600" w="162" h="98" x="38.424339" y="4.386124">
   <element name="yurikbattery" layername="yurikbattery" frame="0" z_index="0" m_a="1.448360" m_b="0.000000" m_c="0.000000" m_d="1.448360" m_tx="-54.270699" m_ty="-41.961399"/>
  </frame>
  <frame idx="625" w="162" h="98" x="38.424339" y="4.386124">
   <element name="yurikbattery" layername="yurikbattery" frame="0" z_index="0" m_a="1.448360" m_b="0.000000" m_c="0.000000" m_d="1.448360" m_tx="-54.270699" m_ty="-41.961399"/>
  </frame>
  <frame idx="650" w="162" h="98" x="38.424339" y="4.386124">
   <element name="yurikbattery" layername="yurikbattery" frame="0" z_index="0" m_a="1.448360" m_b="0.000000" m_c="0.000000" m_d="1.448360" m_tx="-54.270699" m_ty="-41.961399"/>
  </frame>
  <frame idx="675" w="162" h="98" x="38.424339" y="4.386124">
   <element name="yurikbattery" layername="yurikbattery" frame="0" z_index="0" m_a="1.448360" m_b="0.000000" m_c="0.000000" m_d="1.448360" m_tx="-54.270699" m_ty="-41.961399"/>
  </frame>
  <frame idx="700" w="162" h="98" x="38.424339" y="4.386124">
   <element name="yurikbattery" layername="yurikbattery" frame="0" z_index="0" m_a="1.448360" m_b="0.000000" m_c="0.000000" m_d="1.448360" m_tx="-54.270699" m_ty="-41.961399"/>
  </frame>
  <frame idx="725" w="162" h="98" x="38.424339" y="4.386124">
   <element name="yurikbattery" layername="yurikbattery" frame="0" z_index="0" m_a="1.448360" m_b="0.000000" m_c="0.000000" m_d="1.448360" m_tx="-54.270699" m_ty="-41.961399"/>
  </frame>
  <frame idx="750" w="162" h="98" x="38.424339" y="4.386124">
   <element name="yurikbattery" layername="yurikbattery" frame="0" z_index="0" m_a="1.448360" m_b="0.000000" m_c="0.000000" m_d="1.448360" m_tx="-54.270699" m_ty="-41.961399"/>
  </frame>
  <frame idx="775" w="162" h="98" x="38.424339" y="4.386124">
   <element name="yurikbattery" layername="yurikbattery" frame="0" z_index="0" m_a="1.448360" m_b="0.000000" m_c="0.000000" m_d="1.448360" m_tx="-54.270699" m_ty="-41.961399"/>
  </frame>
  <frame idx="800" w="162" h="98" x="38.424339" y="4.386124">
   <element name="yurikbattery" layername="yurikbattery" frame="0" z_index="0" m_a="1.448360" m_b="0.000000" m_c="0.000000" m_d="1.448360" m_tx="-54.270699" m_ty="-41.961399"/>
  </frame>
  <frame idx="825" w="162" h="98" x="38.424339" y="4.386124">
   <element name="yurikbattery" layername="yurikbattery" frame="0" z_index="0" m_a="1.448360" m_b="0.000000" m_c="0.000000" m_d="1.448360" m_tx="-54.270699" m_ty="-41.961399"/>
  </frame>
  <frame idx="850" w="162" h="98" x="38.424339" y="4.386124">
   <element name="yurikbattery" layername="yurikbattery" frame="0" z_index="0" m_a="1.448360" m_b="0.000000" m_c="0.000000" m_d="1.448360" m_tx="-54.270699" m_ty="-41.961399"/>
  </frame>
  <frame idx="875" w="162" h="98" x="38.424339" y="4.386124">
   <element name="yurikbattery" layername="yurikbattery" frame="0" z_index="0" m_a="1.448360" m_b="0.000000" m_c="0.000000" m_d="1.448360" m_tx="-54.270699" m_ty="-41.961399"/>
  </frame>
  <frame idx="900" w="162" h="98" x="38.424339" y="4.386124">
   <element name="yurikbattery" layername="yurikbattery" frame="0" z_index="0" m_a="1.448360" m_b="0.000000" m_c="0.000000" m_d="1.448360" m_tx="-54.270699" m_ty="-41.961399"/>
  </frame>
  <frame idx="925" w="162" h="98" x="38.424339" y="4.386124">
   <element name="yurikbattery" layername="yurikbattery" frame="0" z_index="0" m_a="1.448360" m_b="0.000000" m_c="0.000000" m_d="1.448360" m_tx="-54.270699" m_ty="-41.961399"/>
  </frame>
  <frame idx="950" w="162" h="98" x="38.424339" y="4.386124">
   <element name="yurikbattery" layername="yurikbattery" frame="0" z_index="0" m_a="1.448360" m_b="0.000000" m_c="0.000000" m_d="1.448360" m_tx="-54.270699" m_ty="-41.961399"/>
  </frame>
  <frame idx="975" w="162" h="98" x="38.424339" y="4.386124">
   <element name="yurikbattery" layername="yurikbattery" frame="0" z_index="0" m_a="1.448360" m_b="0.000000" m_c="0.000000" m_d="1.448360" m_tx="-54.270699" m_ty="-41.961399"/>
  </frame>
 </anim>
</Anims>
