<Anims>
 <anim name="idle" root="yurik_ammo90" numframes="125" framerate="40">
  <frame idx="0" w="143" h="160" x="-28.916817" y="-56.698090">
   <element name="rock" layername="rock" frame="1" z_index="6" m_a="0.686762" m_b="0.000000" m_c="0.000000" m_d="0.652545" m_tx="-5.659499" m_ty="-26.323038"/>
  </frame>
  <frame idx="25" w="158" h="158" x="-7.569397" y="-20.483006">
   <element name="rock" layername="rock" frame="1" z_index="6" m_a="0.917084" m_b="0.000000" m_c="0.000000" m_d="0.908027" m_tx="-1.240750" m_ty="-7.225216"/>
  </frame>
  <frame idx="50" w="162" h="157" x="0.115677" y="-7.445564">
   <element name="rock" layername="rock" frame="1" z_index="6" m_a="1.000000" m_b="0.000000" m_c="0.000000" m_d="1.000000" m_tx="0.350000" m_ty="-0.350000"/>
  </frame>
  <frame idx="75" w="162" h="157" x="0.115677" y="-7.445564">
   <element name="rock" layername="rock" frame="1" z_index="6" m_a="1.000000" m_b="0.000000" m_c="0.000000" m_d="1.000000" m_tx="0.350000" m_ty="-0.350000"/>
  </frame>
  <frame idx="100" w="162" h="157" x="0.115677" y="-7.445564">
   <element name="rock" layername="rock" frame="1" z_index="6" m_a="1.000000" m_b="0.000000" m_c="0.000000" m_d="1.000000" m_tx="0.350000" m_ty="-0.350000"/>
  </frame>
 </anim>
 <anim name="spin_loop" root="yurik_ammo90" numframes="300" framerate="40">
  <frame idx="0" w="112" h="311" x="1.315388" y="-181.085052">
   <element name="rock" layername="rock" frame="0" z_index="6" m_a="1.000000" m_b="0.000069" m_c="-0.000069" m_d="1.000000" m_tx="0.000000" m_ty="-180.000000"/>
  </frame>
  <frame idx="25" w="184" h="330" x="-29.257515" y="-162.649750">
   <element name="rock" layername="rock" frame="0" z_index="6" m_a="0.875034" m_b="0.484062" m_c="-0.484062" m_d="0.875034" m_tx="0.000000" m_ty="-180.000000"/>
  </frame>
  <frame idx="50" w="226" h="332" x="-65.622986" y="-161.469223">
   <element name="rock" layername="rock" frame="0" z_index="6" m_a="0.523022" m_b="0.852319" m_c="-0.852319" m_d="0.523022" m_tx="0.000000" m_ty="-180.000000"/>
  </frame>
  <frame idx="75" w="223" h="313" x="-98.142670" y="-178.624512">
   <element name="rock" layername="rock" frame="0" z_index="6" m_a="0.029733" m_b="0.999558" m_c="-0.999558" m_d="0.029733" m_tx="0.000000" m_ty="-180.000000"/>
  </frame>
  <frame idx="100" w="281" h="382" x="-117.818436" y="-209.680450">
   <element name="rock" layername="rock" frame="0" z_index="6" m_a="-0.471397" m_b="0.881921" m_c="-0.881921" m_d="-0.471397" m_tx="0.000000" m_ty="-180.000000"/>
  </frame>
  <frame idx="125" w="286" h="424" x="-119.665787" y="-245.341614">
   <element name="rock" layername="rock" frame="0" z_index="6" m_a="-0.839418" m_b="0.543487" m_c="-0.543487" m_d="-0.839418" m_tx="0.000000" m_ty="-180.000000"/>
  </frame>
  <frame idx="150" w="234" h="423" x="-103.562889" y="-277.968842">
   <element name="rock" layername="rock" frame="0" z_index="6" m_a="-0.998232" m_b="0.059438" m_c="-0.059438" m_d="-0.998232" m_tx="0.000000" m_ty="-180.000000"/>
  </frame>
  <frame idx="175" w="230" h="478" x="-73.105988" y="-298.559143">
   <element name="rock" layername="rock" frame="0" z_index="6" m_a="-0.895549" m_b="-0.444963" m_c="0.444963" m_d="-0.895549" m_tx="0.000000" m_ty="-180.000000"/>
  </frame>
  <frame idx="200" w="195" h="487" x="-36.442978" y="-301.272278">
   <element name="rock" layername="rock" frame="0" z_index="6" m_a="-0.555585" m_b="-0.831460" m_c="0.831460" m_d="-0.555585" m_tx="0.000000" m_ty="-180.000000"/>
  </frame>
  <frame idx="225" w="125" h="437" x="-4.122421" y="-286.092255">
   <element name="rock" layername="rock" frame="0" z_index="6" m_a="-0.083648" m_b="-0.996495" m_c="0.996495" m_d="-0.083648" m_tx="0.000000" m_ty="-180.000000"/>
  </frame>
  <frame idx="250" w="129" h="431" x="17.063076" y="-256.509827">
   <element name="rock" layername="rock" frame="0" z_index="6" m_a="0.418130" m_b="-0.908387" m_c="0.908387" m_d="0.418130" m_tx="0.000230" m_ty="-180.000000"/>
  </frame>
  <frame idx="275" w="135" h="413" x="21.737133" y="-231.793579">
   <element name="rock" layername="rock" frame="0" z_index="6" m_a="0.707128" m_b="-0.707086" m_c="0.707086" m_d="0.707128" m_tx="0.000474" m_ty="-180.000000"/>
  </frame>
 </anim>
 <anim name="used" root="yurik_ammo90" numframes="700" framerate="40">
  <frame idx="0" w="250" h="379" x="-51.261246" y="-203.349854">
   <element name="rock" layername="rock" frame="5" z_index="3" m_a="-0.151192" m_b="0.922268" m_c="-0.922268" m_d="-0.151192" m_tx="39.300999" m_ty="-195.501007"/>
   <element name="rock" layername="rock" frame="4" z_index="4" m_a="0.803436" m_b="0.480637" m_c="-0.381151" m_d="0.637136" m_tx="22.750500" m_ty="-242.001007"/>
   <element name="rock" layername="rock_2" frame="2" z_index="5" m_a="0.803444" m_b="0.480623" m_c="-0.381141" m_d="0.637142" m_tx="-27.200600" m_ty="-202.151001"/>
   <element name="rock" layername="rock_3" frame="3" z_index="6" m_a="-0.151161" m_b="0.922274" m_c="-0.922274" m_d="-0.151161" m_tx="-15.050600" m_ty="-164.951004"/>
  </frame>
  <frame idx="25" w="249" h="420" x="-57.211784" y="-222.060089">
   <element name="rock" layername="rock" frame="5" z_index="3" m_a="-0.560201" m_b="0.746484" m_c="-0.746484" m_d="-0.560201" m_tx="58.736732" m_ty="-211.529678"/>
   <element name="rock" layername="rock" frame="4" z_index="4" m_a="0.330494" m_b="0.874323" m_c="-0.693355" m_d="0.262088" m_tx="39.423149" m_ty="-270.106873"/>
   <element name="rock" layername="rock_2" frame="2" z_index="5" m_a="0.820611" m_b="0.450678" m_c="-0.357395" m_d="0.650757" m_tx="-35.840012" m_ty="-218.731140"/>
   <element name="rock" layername="rock_3" frame="3" z_index="6" m_a="0.015257" m_b="0.934445" m_c="-0.934445" m_d="0.015257" m_tx="-27.893394" m_ty="-176.310562"/>
  </frame>
  <frame idx="50" w="279" h="493" x="-53.166985" y="-244.595810">
   <element name="rock" layername="rock" frame="5" z_index="3" m_a="-0.844674" m_b="0.393919" m_c="-0.393919" m_d="-0.844674" m_tx="78.549545" m_ty="-227.869705"/>
   <element name="rock" layername="rock" frame="4" z_index="4" m_a="-0.295198" m_b="0.885222" m_c="-0.702005" m_d="-0.234099" m_tx="58.025745" m_ty="-301.352509"/>
   <element name="rock" layername="rock_2" frame="2" z_index="5" m_a="0.836963" m_b="0.419523" m_c="-0.332688" m_d="0.663725" m_tx="-44.647217" m_ty="-235.633820"/>
   <element name="rock" layername="rock_3" frame="3" z_index="6" m_a="0.184361" m_b="0.916195" m_c="-0.916195" m_d="0.184361" m_tx="-40.985359" m_ty="-187.890915"/>
  </frame>
  <frame idx="75" w="308" h="594" x="-45.902115" y="-277.253357">
   <element name="rock" layername="rock" frame="5" z_index="3" m_a="-0.929055" m_b="-0.055361" m_c="0.055361" m_d="-0.929055" m_tx="98.574615" m_ty="-244.384857"/>
   <element name="rock" layername="rock" frame="2" z_index="4" m_a="-0.738144" m_b="0.568405" m_c="-0.450762" m_d="-0.585370" m_tx="83.729897" m_ty="-327.794617"/>
   <element name="rock" layername="rock_2" frame="2" z_index="5" m_a="0.852289" m_b="0.387432" m_c="-0.307240" m_d="0.675880" m_tx="-53.548660" m_ty="-252.717422"/>
   <element name="rock" layername="rock_3" frame="3" z_index="6" m_a="0.349048" m_b="0.866920" m_c="-0.866920" m_d="0.349048" m_tx="-54.217674" m_ty="-199.595459"/>
  </frame>
  <frame idx="100" w="349" h="641" x="-23.691376" y="-295.311890">
   <element name="rock" layername="rock" frame="5" z_index="3" m_a="-0.789689" m_b="-0.490067" m_c="0.490067" m_d="-0.789689" m_tx="118.599998" m_ty="-260.899994"/>
   <element name="rock" layername="rock" frame="2" z_index="4" m_a="-0.896182" m_b="0.249443" m_c="-0.197815" m_d="-0.710698" m_tx="115.417458" m_ty="-348.581818"/>
   <element name="rock" layername="rock_2" frame="2" z_index="5" m_a="0.866385" m_b="0.354783" m_c="-0.281349" m_d="0.687059" m_tx="-62.449799" m_ty="-269.799988"/>
   <element name="rock" layername="rock_3" frame="3" z_index="6" m_a="0.501922" m_b="0.788315" m_c="-0.788315" m_d="0.501922" m_tx="-67.450401" m_ty="-211.300003"/>
  </frame>
  <frame idx="125" w="392" h="651" x="-19.433762" y="-304.584564">
   <element name="rock" layername="rock" frame="5" z_index="3" m_a="-0.590597" m_b="-0.715913" m_c="0.715913" m_d="-0.590597" m_tx="128.122055" m_ty="-257.848541"/>
   <element name="rock" layername="rock" frame="2" z_index="4" m_a="-0.926631" m_b="-0.077267" m_c="0.061275" m_d="-0.734842" m_tx="128.334641" m_ty="-351.040466"/>
   <element name="rock" layername="rock_2" frame="2" z_index="5" m_a="0.878874" m_b="0.322592" m_c="-0.255822" m_d="0.696965" m_tx="-71.089951" m_ty="-286.380890"/>
   <element name="rock" layername="rock_3" frame="3" z_index="6" m_a="0.601520" m_b="0.713722" m_c="-0.713722" m_d="0.601520" m_tx="-90.538567" m_ty="-222.991180"/>
  </frame>
  <frame idx="150" w="414" h="669" x="-12.583649" y="-313.820801">
   <element name="rock" layername="rock" frame="5" z_index="3" m_a="-0.332791" m_b="-0.866015" m_c="0.866015" m_d="-0.332791" m_tx="137.548553" m_ty="-256.634125"/>
   <element name="rock" layername="rock" frame="2" z_index="4" m_a="-0.871112" m_b="-0.324351" m_c="0.257217" m_d="-0.690812" m_tx="137.818222" m_ty="-353.119507"/>
   <element name="rock" layername="rock_2" frame="2" z_index="5" m_a="0.888074" m_b="0.294924" m_c="-0.233882" m_d="0.704266" m_tx="-89.909782" m_ty="-307.768188"/>
   <element name="rock" layername="rock_3" frame="3" z_index="6" m_a="0.690377" m_b="0.628094" m_c="-0.628094" m_d="0.690377" m_tx="-103.644341" m_ty="-228.392731"/>
  </frame>
  <frame idx="175" w="422" h="679" x="-6.477158" y="-318.470001">
   <element name="rock" layername="rock" frame="5" z_index="3" m_a="-0.078170" m_b="-0.924659" m_c="0.924659" m_d="-0.078170" m_tx="145.788666" m_ty="-256.474854"/>
   <element name="rock" layername="rock" frame="2" z_index="4" m_a="-0.791103" m_b="-0.487629" m_c="0.386700" m_d="-0.627361" m_tx="144.403580" m_ty="-354.774170"/>
   <element name="rock" layername="rock_2" frame="2" z_index="5" m_a="0.855994" m_b="0.377146" m_c="-0.299089" m_d="0.678831" m_tx="-109.935783" m_ty="-324.613281"/>
   <element name="rock" layername="rock_3" frame="3" z_index="6" m_a="0.758731" m_b="0.544395" m_c="-0.544395" m_d="0.758731" m_tx="-110.229881" m_ty="-230.031158"/>
  </frame>
  <frame idx="200" w="428" h="682" x="-0.386200" y="-321.256714">
   <element name="rock" layername="rock" frame="5" z_index="3" m_a="0.107136" m_b="-0.921896" m_c="0.921896" m_d="0.107136" m_tx="151.621994" m_ty="-256.362000"/>
   <element name="rock" layername="rock" frame="2" z_index="4" m_a="-0.721681" m_b="-0.585261" m_c="0.464124" m_d="-0.572307" m_tx="148.657410" m_ty="-355.956055"/>
   <element name="rock" layername="rock_2" frame="2" z_index="5" m_a="0.672244" m_b="0.650881" m_c="-0.516168" m_d="0.533109" m_tx="-120.357002" m_ty="-326.061005"/>
   <element name="rock" layername="rock_3" frame="3" z_index="6" m_a="0.801065" m_b="0.480606" m_c="-0.480606" m_d="0.801065" m_tx="-114.891998" m_ty="-231.190994"/>
  </frame>
  <frame idx="225" w="444" h="682" x="0.099808" y="-322.476685">
   <element name="rock" layername="rock" frame="5" z_index="3" m_a="0.207825" m_b="-0.904613" m_c="0.904613" m_d="0.207825" m_tx="154.833771" m_ty="-256.300232"/>
   <element name="rock" layername="rock" frame="2" z_index="4" m_a="-0.696520" m_b="-0.614920" m_c="0.487643" m_d="-0.552354" m_tx="150.025787" m_ty="-356.357422"/>
   <element name="rock" layername="rock_2" frame="2" z_index="5" m_a="0.518771" m_b="0.778969" m_c="-0.617744" m_d="0.411400" m_tx="-126.652596" m_ty="-326.935272"/>
   <element name="rock" layername="rock_3" frame="3" z_index="6" m_a="0.822102" m_b="0.444063" m_c="-0.444063" m_d="0.822102" m_tx="-117.458916" m_ty="-231.829971"/>
  </frame>
  <frame idx="250" w="461" h="671" x="-2.211777" y="-319.914551">
   <element name="rock" layername="rock" frame="5" z_index="3" m_a="0.265197" m_b="-0.889534" m_c="0.889534" m_d="0.265197" m_tx="156.697876" m_ty="-256.264435"/>
   <element name="rock" layername="rock" frame="2" z_index="4" m_a="-0.581870" m_b="-0.693206" m_c="0.549719" m_d="-0.461428" m_tx="156.727341" m_ty="-352.229553"/>
   <element name="rock" layername="rock_2" frame="2" z_index="5" m_a="0.390568" m_b="0.850668" m_c="-0.674602" m_d="0.309731" m_tx="-131.273911" m_ty="-327.576782"/>
   <element name="rock" layername="rock_3" frame="3" z_index="6" m_a="0.833552" m_b="0.422424" m_c="-0.422424" m_d="0.833552" m_tx="-118.948822" m_ty="-232.200607"/>
  </frame>
  <frame idx="275" w="470" h="654" x="-3.352249" y="-316.152222">
   <element name="rock" layername="rock" frame="5" z_index="3" m_a="0.301668" m_b="-0.875917" m_c="0.875917" m_d="0.301668" m_tx="158.134125" m_ty="-255.263336"/>
   <element name="rock" layername="rock" frame="2" z_index="4" m_a="-0.452827" m_b="-0.751258" m_c="0.595746" m_d="-0.359091" m_tx="164.454575" m_ty="-346.355377"/>
   <element name="rock" layername="rock_2" frame="2" z_index="5" m_a="0.305107" m_b="0.885017" m_c="-0.701841" m_d="0.241958" m_tx="-134.169693" m_ty="-327.978790"/>
   <element name="rock" layername="rock_3" frame="3" z_index="6" m_a="0.841465" m_b="0.365639" m_c="-0.365639" m_d="0.841465" m_tx="-124.022728" m_ty="-231.089401"/>
  </frame>
  <frame idx="300" w="476" h="640" x="-2.791229" y="-316.821503">
   <element name="rock" layername="rock" frame="5" z_index="3" m_a="0.343326" m_b="-0.854274" m_c="0.854274" m_d="0.343326" m_tx="160.272003" m_ty="-252.179993"/>
   <element name="rock" layername="rock" frame="2" z_index="4" m_a="-0.417755" m_b="-0.763109" m_c="0.605144" m_d="-0.331279" m_tx="167.984039" m_ty="-341.816833"/>
   <element name="rock" layername="rock_2" frame="2" z_index="5" m_a="0.267860" m_b="0.897031" m_c="-0.711369" m_d="0.212420" m_tx="-135.399994" m_ty="-328.149994"/>
   <element name="rock" layername="rock_3" frame="3" z_index="6" m_a="0.835557" m_b="0.220608" m_c="-0.220608" m_d="0.835557" m_tx="-138.000000" m_ty="-227.149994"/>
  </frame>
  <frame idx="325" w="483" h="611" x="-0.251434" y="-307.159912">
   <element name="rock" layername="rock" frame="5" z_index="3" m_a="0.455964" m_b="-0.780651" m_c="0.780651" m_d="0.455964" m_tx="166.477890" m_ty="-243.227051"/>
   <element name="rock" layername="rock" frame="2" z_index="4" m_a="-0.312141" m_b="-0.788961" m_c="0.625645" m_d="-0.247528" m_tx="178.534988" m_ty="-328.326477"/>
   <element name="rock" layername="rock_2" frame="2" z_index="5" m_a="0.247191" m_b="0.894848" m_c="-0.709637" m_d="0.196029" m_tx="-138.038239" m_ty="-325.580139"/>
   <element name="rock" layername="rock_3" frame="3" z_index="6" m_a="0.831727" m_b="0.193868" m_c="-0.193868" m_d="0.831727" m_tx="-140.972061" m_ty="-223.723526"/>
  </frame>
  <frame idx="350" w="498" h="560" x="0.859146" y="-290.229614">
   <element name="rock" layername="rock" frame="5" z_index="3" m_a="0.600056" m_b="-0.641968" m_c="0.641968" m_d="0.600056" m_tx="175.926544" m_ty="-229.596725"/>
   <element name="rock" layername="rock" frame="2" z_index="4" m_a="-0.140712" m_b="-0.801045" m_c="0.635230" m_d="-0.111585" m_tx="195.844116" m_ty="-306.460052"/>
   <element name="rock" layername="rock_2" frame="2" z_index="5" m_a="0.199798" m_b="0.887947" m_c="-0.704164" m_d="0.158445" m_tx="-144.192368" m_ty="-319.585419"/>
   <element name="rock" layername="rock_3" frame="3" z_index="6" m_a="0.819221" m_b="0.131713" m_c="-0.131713" m_d="0.819221" m_tx="-148.070129" m_ty="-215.538727"/>
  </frame>
  <frame idx="375" w="515" h="497" x="-1.462601" y="-268.137024">
   <element name="rock" layername="rock" frame="5" z_index="3" m_a="0.738962" m_b="-0.405021" m_c="0.405021" m_d="0.738962" m_tx="189.387878" m_ty="-210.177795"/>
   <element name="rock" layername="rock" frame="2" z_index="4" m_a="0.030951" m_b="-0.721014" m_c="0.571765" m_d="0.024544" m_tx="213.928360" m_ty="-279.518280"/>
   <element name="rock" layername="rock_2" frame="2" z_index="5" m_a="0.124651" m_b="0.871335" m_c="-0.690989" m_d="0.098851" m_tx="-154.309402" m_ty="-309.730408"/>
   <element name="rock" layername="rock_3" frame="3" z_index="6" m_a="0.787291" m_b="0.031135" m_c="-0.031135" m_d="0.787291" m_tx="-160.299240" m_ty="-201.436874"/>
  </frame>
  <frame idx="400" w="536" h="464" x="-6.859024" y="-245.855560">
   <element name="rock" layername="rock" frame="5" z_index="3" m_a="0.791988" m_b="-0.058585" m_c="0.058585" m_d="0.791988" m_tx="207.500000" m_ty="-184.048996"/>
   <element name="rock" layername="rock" frame="2" z_index="4" m_a="0.102095" m_b="-0.516341" m_c="0.409457" m_d="0.080961" m_tx="225.608383" m_ty="-251.428680"/>
   <element name="rock" layername="rock_2" frame="2" z_index="5" m_a="0.024971" m_b="0.837408" m_c="-0.664083" m_d="0.019802" m_tx="-168.645004" m_ty="-295.765991"/>
   <element name="rock" layername="rock_3" frame="3" z_index="6" m_a="0.718655" m_b="-0.100465" m_c="0.100465" m_d="0.718655" m_tx="-178.500000" m_ty="-180.449005"/>
  </frame>
  <frame idx="425" w="577" h="451" x="-18.835373" y="-226.115051">
   <element name="rock" layername="rock" frame="5" z_index="3" m_a="0.626639" m_b="0.156358" m_c="-0.156358" m_d="0.626639" m_tx="215.496323" m_ty="-157.101196"/>
   <element name="rock" layername="rock" frame="2" z_index="4" m_a="0.113264" m_b="-0.317123" m_c="0.251474" m_d="0.089817" m_tx="237.296188" m_ty="-224.053116"/>
   <element name="rock" layername="rock_2" frame="2" z_index="5" m_a="-0.111702" m_b="0.763486" m_c="-0.605458" m_d="-0.088581" m_tx="-191.001617" m_ty="-273.988770"/>
   <element name="rock" layername="rock_3" frame="3" z_index="6" m_a="0.593800" m_b="-0.119082" m_c="0.119082" m_d="0.593800" m_tx="-186.073532" m_ty="-151.588715"/>
  </frame>
  <frame idx="450" w="593" h="432" x="-30.133469" y="-207.472961">
   <element name="rock" layername="rock" frame="5" z_index="3" m_a="0.416719" m_b="0.266550" m_c="-0.266550" m_d="0.416719" m_tx="223.647720" m_ty="-129.630295"/>
   <element name="rock" layername="rock" frame="2" z_index="4" m_a="0.147797" m_b="-0.270967" m_c="0.214873" m_d="0.117201" m_tx="228.124573" m_ty="-215.781799"/>
   <element name="rock" layername="rock_2" frame="2" z_index="5" m_a="-0.194603" m_b="0.644854" m_c="-0.511379" m_d="-0.154323" m_tx="-205.825760" m_ty="-250.597961"/>
   <element name="rock" layername="rock_3" frame="3" z_index="6" m_a="0.467268" m_b="-0.123345" m_c="0.123345" m_d="0.467268" m_tx="-193.793945" m_ty="-122.169182"/>
  </frame>
  <frame idx="475" w="592" h="400" x="-39.933273" y="-192.424500">
   <element name="rock" layername="rock" frame="5" z_index="4" m_a="0.278008" m_b="0.300595" m_c="-0.300595" m_d="0.278008" m_tx="222.728149" m_ty="-113.659904"/>
   <element name="rock" layername="rock" frame="2" z_index="4" m_a="0.227834" m_b="-0.293322" m_c="0.232602" m_d="0.180670" m_tx="207.140076" m_ty="-218.423584"/>
   <element name="rock" layername="rock_2" frame="2" z_index="5" m_a="-0.230202" m_b="0.507881" m_c="-0.402756" m_d="-0.182553" m_tx="-216.412872" m_ty="-226.299240"/>
   <element name="rock" layername="rock_3" frame="3" z_index="6" m_a="0.406607" m_b="-0.095051" m_c="0.095051" m_d="0.406607" m_tx="-192.780716" m_ty="-104.113121"/>
  </frame>
  <frame idx="500" w="589" h="395" x="-49.149170" y="-193.997101">
   <element name="rock" layername="rock" frame="5" z_index="4" m_a="0.281385" m_b="0.373703" m_c="-0.373703" m_d="0.281385" m_tx="202.347351" m_ty="-122.753365"/>
   <element name="rock" layername="rock" frame="2" z_index="4" m_a="0.317870" m_b="-0.295738" m_c="0.234519" m_d="0.252070" m_tx="186.239197" m_ty="-221.166565"/>
   <element name="rock" layername="rock_2" frame="2" z_index="6" m_a="-0.233864" m_b="0.374653" m_c="-0.297104" m_d="-0.185456" m_tx="-227.000000" m_ty="-202.000000"/>
   <element name="rock" layername="rock_3" frame="3" z_index="6" m_a="0.474983" m_b="-0.005483" m_c="0.005483" m_d="0.474983" m_tx="-173.032928" m_ty="-110.872887"/>
  </frame>
  <frame idx="525" w="543" h="400" x="-45.985168" y="-192.420441">
   <element name="rock" layername="rock" frame="5" z_index="4" m_a="0.272496" m_b="0.450080" m_c="-0.450080" m_d="0.272496" m_tx="181.966553" m_ty="-131.846817"/>
   <element name="rock" layername="rock" frame="2" z_index="4" m_a="0.413389" m_b="-0.275763" m_c="0.218680" m_d="0.327818" m_tx="165.448975" m_ty="-223.974991"/>
   <element name="rock" layername="rock_2" frame="2" z_index="6" m_a="-0.177040" m_b="0.471321" m_c="-0.373763" m_d="-0.140394" m_tx="-202.025070" m_ty="-202.018875"/>
   <element name="rock" layername="rock_3" frame="3" z_index="6" m_a="0.521141" m_b="0.109203" m_c="-0.109203" m_d="0.521141" m_tx="-153.285126" m_ty="-117.632652"/>
  </frame>
  <frame idx="550" w="491" h="403" x="-42.272781" y="-190.356583">
   <element name="rock" layername="rock" frame="5" z_index="4" m_a="0.250767" m_b="0.527963" m_c="-0.527963" m_d="0.250767" m_tx="161.585754" m_ty="-140.940277"/>
   <element name="rock" layername="rock" frame="2" z_index="4" m_a="0.509377" m_b="-0.231905" m_c="0.183902" m_d="0.403938" m_tx="144.785049" m_ty="-226.807098"/>
   <element name="rock" layername="rock_2" frame="2" z_index="6" m_a="-0.090397" m_b="0.558022" m_c="-0.442518" m_d="-0.071686" m_tx="-177.050140" m_ty="-202.037750"/>
   <element name="rock" layername="rock_3" frame="3" z_index="6" m_a="0.537510" m_b="0.243045" m_c="-0.243045" m_d="0.537510" m_tx="-133.537354" m_ty="-124.392418"/>
  </frame>
  <frame idx="575" w="437" h="402" x="-38.711639" y="-188.491776">
   <element name="rock" layername="rock" frame="5" z_index="4" m_a="0.215856" m_b="0.605515" m_c="-0.605515" m_d="0.215856" m_tx="141.204971" m_ty="-150.033722"/>
   <element name="rock" layername="rock" frame="2" z_index="4" m_a="0.600521" m_b="-0.163727" m_c="0.129837" m_d="0.476217" m_tx="124.250381" m_ty="-229.618195"/>
   <element name="rock" layername="rock_2" frame="2" z_index="6" m_a="0.023897" m_b="0.626663" m_c="-0.496951" m_d="0.018951" m_tx="-152.075226" m_ty="-202.056625"/>
   <element name="rock" layername="rock_3" frame="3" z_index="6" m_a="0.518170" m_b="0.388024" m_c="-0.388024" m_d="0.518170" m_tx="-113.789551" m_ty="-131.152176"/>
  </frame>
  <frame idx="600" w="389" h="398" x="-38.003143" y="-187.319839">
   <element name="rock" layername="rock" frame="5" z_index="4" m_a="0.167663" m_b="0.680846" m_c="-0.680846" m_d="0.167663" m_tx="120.824173" m_ty="-159.127182"/>
   <element name="rock" layername="rock" frame="2" z_index="4" m_a="0.681416" m_b="-0.071892" m_c="0.057011" m_d="0.540369" m_tx="103.834877" m_ty="-232.363937"/>
   <element name="rock" layername="rock_2" frame="2" z_index="6" m_a="0.161642" m_b="0.669709" m_c="-0.531088" m_d="0.128184" m_tx="-127.100296" m_ty="-202.075500"/>
   <element name="rock" layername="rock_3" frame="3" z_index="6" m_a="0.459379" m_b="0.534518" m_c="-0.534518" m_d="0.459379" m_tx="-94.041763" m_ty="-137.911942"/>
  </frame>
  <frame idx="625" w="337" h="393" x="-36.177795" y="-188.543884">
   <element name="rock" layername="rock" frame="5" z_index="4" m_a="0.106339" m_b="0.752054" m_c="-0.752054" m_d="0.106339" m_tx="100.443375" m_ty="-168.220642"/>
   <element name="rock" layername="rock" frame="2" z_index="4" m_a="0.746785" m_b="0.041821" m_c="-0.033164" m_d="0.592208" m_tx="83.515869" m_ty="-235.003723"/>
   <element name="rock" layername="rock_2" frame="2" z_index="6" m_a="0.316753" m_b="0.680669" m_c="-0.539780" m_d="0.251189" m_tx="-102.125366" m_ty="-202.094376"/>
   <element name="rock" layername="rock_3" frame="3" z_index="6" m_a="0.359969" m_b="0.671889" m_c="-0.671889" m_d="0.359969" m_tx="-74.293968" m_ty="-144.671707"/>
  </frame>
  <frame idx="650" w="305" h="392" x="-38.017921" y="-194.023712">
   <element name="rock" layername="rock" frame="5" z_index="4" m_a="0.032283" m_b="0.817246" m_c="-0.817246" m_d="0.032283" m_tx="80.062592" m_ty="-177.314087"/>
   <element name="rock" layername="rock" frame="2" z_index="4" m_a="0.791699" m_b="0.174547" m_c="-0.138418" m_d="0.627827" m_tx="63.259144" m_ty="-237.503830"/>
   <element name="rock" layername="rock_2" frame="2" z_index="6" m_a="0.481526" m_b="0.654542" m_c="-0.519060" m_d="0.381856" m_tx="-77.150452" m_ty="-202.113251"/>
   <element name="rock" layername="rock_3" frame="3" z_index="6" m_a="0.221592" m_b="0.789167" m_c="-0.789167" m_d="0.221592" m_tx="-54.546173" m_ty="-151.431473"/>
  </frame>
  <frame idx="675" w="272" h="389" x="-40.918312" y="-201.847626">
   <element name="rock" layername="rock" frame="5" z_index="4" m_a="-0.053858" m_b="0.874574" m_c="-0.874574" m_d="-0.053858" m_tx="59.681778" m_ty="-186.407562"/>
   <element name="rock" layername="rock" frame="2" z_index="4" m_a="0.811788" m_b="0.322411" m_c="-0.255676" m_d="0.643758" m_tx="43.020969" m_ty="-239.840240"/>
   <element name="rock" layername="rock_2" frame="2" z_index="6" m_a="0.647008" m_b="0.588188" m_c="-0.466441" m_d="0.513086" m_tx="-52.175522" m_ty="-202.132126"/>
   <element name="rock" layername="rock_3" frame="3" z_index="6" m_a="0.048782" m_b="0.875776" m_c="-0.875776" m_d="0.048782" m_tx="-34.798386" m_ty="-158.191238"/>
  </frame>
 </anim>
</Anims>
